Experiment,Generator,Run,Duration_Seconds,Triples_Reported,Triples_Measured,Throughput_Reported,Throughput_Measured,Tool,Tool_Version,RDF_Triples,RDF_Subjects,RDF_Predicates,RDF_Objects,RDF_Classes,RDF_Mean_Outdegree,RDF_Mean_Indegree,RDF_Coherence,RDF_Coherence_TypeIncl,RDF_Type_Coverage_Avg,Triple_Validity_Pct,Shape_Translation_Loss_Pct,Schema_Constraints,Constraints_Represented,Valid_Triples,Generated_Triples,External_Conforms,External_Focus_Nodes_Selected,External_Focus_Nodes_Conforming,External_Conformance_Pct,External_Violations,External_Violations_By_Component,External_Validator,FHIR_Resource_Instances,FHIR_Resource_Types,FHIR_R4_Coverage_Pct,FHIR_Triples_Per_Resource,FHIR_Value_Literals,FHIR_Literals_Per_Resource,FHIR_Missing_ResourceType_Pct,FHIR_Malformed_Primitives,FHIR_Blank_Nodes,FHIR_Total_Nodes,FHIR_Anonymity_Index,Params,Notes,Error
conformance_lubm_shex,rudof,1,9.8229,396669,396669,40382.06639587087,40382.06639587087,rudof,rudof 0.3.21,396669,70000,17,59577,15,5.6667,6.658089531194924,0.9334094476951621,1.0000000000000002,0.9333333333333333,100.0,16.19047619047619,105,88,396669,396669,,,,,,,,,,,,,,,,,,,"{""config"": ""lubm/benchmark_config_high_coherence.toml"", ""entities"": 70000, ""parallel"": null, ""property_fill"": null, ""schema"": ""lubm/lubm.shex"", ""seed"": 42}",,
conformance_lubm_shex,rudof,2,8.7612,396669,396669,45275.64717162032,45275.64717162032,rudof,rudof 0.3.21,396669,70000,17,59577,15,5.6667,6.658089531194924,0.9334094476951621,1.0000000000000002,0.9333333333333333,100.0,16.19047619047619,105,88,396669,396669,,,,,,,,,,,,,,,,,,,"{""config"": ""lubm/benchmark_config_high_coherence.toml"", ""entities"": 70000, ""parallel"": null, ""property_fill"": null, ""schema"": ""lubm/lubm.shex"", ""seed"": 42}",,
conformance_lubm_shex,rudof,3,9.3458,396669,396669,42443.557533865474,42443.557533865474,rudof,rudof 0.3.21,396669,70000,17,59577,15,5.6667,6.658089531194924,0.933409447695162,1.0000000000000002,0.9333333333333333,100.0,16.19047619047619,105,88,396669,396669,,,,,,,,,,,,,,,,,,,"{""config"": ""lubm/benchmark_config_high_coherence.toml"", ""entities"": 70000, ""parallel"": null, ""property_fill"": null, ""schema"": ""lubm/lubm.shex"", ""seed"": 42}",,
conformance_lubm_shacl,rudof,1,8.7367,396669,396669,45402.61197019469,45402.61197019469,rudof,rudof 0.3.21,396669,70000,17,59577,15,5.6667,6.658089531194924,0.933409447695162,1.0000000000000002,0.9333333333333333,100.0,0.0,221,221,396669,396669,,,,,,,unavailable (pyshacl not installed),,,,,,,,,,,,"{""config"": ""lubm/benchmark_config_high_coherence.toml"", ""entities"": 70000, ""parallel"": null, ""property_fill"": null, ""schema"": ""lubm/lubm_shacl.ttl"", ""seed"": 42}",,
conformance_lubm_shacl,rudof,2,13.8247,396669,396669,28692.77452675284,28692.77452675284,rudof,rudof 0.3.21,396669,70000,17,59577,15,5.6667,6.658089531194924,0.9334094476951621,1.0000000000000002,0.9333333333333333,100.0,0.0,221,221,396669,396669,,,,,,,,,,,,,,,,,,,"{""config"": ""lubm/benchmark_config_high_coherence.toml"", ""entities"": 70000, ""parallel"": null, ""property_fill"": null, ""schema"": ""lubm/lubm_shacl.ttl"", ""seed"": 42}",,
conformance_lubm_shacl,rudof,3,14.3085,396669,396669,27722.612433169095,27722.612433169095,rudof,rudof 0.3.21,396669,70000,17,59577,15,5.6667,6.658089531194924,0.933409447695162,1.0000000000000002,0.9333333333333333,100.0,0.0,221,221,396669,396669,,,,,,,,,,,,,,,,,,,"{""config"": ""lubm/benchmark_config_high_coherence.toml"", ""entities"": 70000, ""parallel"": null, ""property_fill"": null, ""schema"": ""lubm/lubm_shacl.ttl"", ""seed"": 42}",,
conformance_lubm_shacl_low,rudof,1,6.3809,311649,311649,48840.91585826451,48840.91585826451,rudof,rudof 0.3.21,311649,70000,17,41203,15,4.452128571428571,7.563745358347693,0.6381652596388036,0.7918476984126985,0.6380619662030287,100.0,0.0,221,221,311649,311649,,,,,,,unavailable (pyshacl not installed),,,,,,,,,,,,"{""config"": ""lubm/benchmark_config_low_coherence.toml"", ""entities"": 70000, ""parallel"": null, ""property_fill"": null, ""schema"": ""lubm/lubm_shacl.ttl"", ""seed"": 42}",,
conformance_lubm_shacl_low,rudof,2,9.6997,311878,311878,32153.36556800726,32153.36556800726,rudof,rudof 0.3.21,311878,70000,17,41348,15,4.4554,7.542759020992551,0.6396506033911763,0.7926748412698414,0.6395479937199149,100.0,0.0,221,221,311878,311878,,,,,,,,,,,,,,,,,,,"{""config"": ""lubm/benchmark_config_low_coherence.toml"", ""entities"": 70000, ""parallel"": null, ""property_fill"": null, ""schema"": ""lubm/lubm_shacl.ttl"", ""seed"": 42}",,
conformance_lubm_shacl_low,rudof,3,10.4757,311699,311699,29754.479414263486,29754.479414263486,rudof,rudof 0.3.21,311699,70000,17,41545,15,4.4528428571428575,7.502683836803466,0.6393510749529046,0.7923982936507937,0.6392487351923211,100.0,0.0,221,221,311699,311699,,,,,,,,,,,,,,,,,,,"{""config"": ""lubm/benchmark_config_low_coherence.toml"", ""entities"": 70000, ""parallel"": null, ""property_fill"": null, ""schema"": ""lubm/lubm_shacl.ttl"", ""seed"": 42}",,
conformance_fhir_shex,rudof,1,12.5107,590075,590075,47165.6262239523,47165.6262239523,rudof,rudof 0.3.21,590075,60000,5197,37847,1030,9.834583333333333,15.591064020926362,0.7905877905877877,0.9999999999999796,0.7912621359223301,99.97729102232768,2.674658949979325,24190,23543,589941,590075,,,,,,,,9713,145,100.0,60.75105528672913,45663,4.701225162153815,0.0,67,0,61097,0.0,"{""config"": ""fhir/fhir_config_structural.toml"", ""entities"": null, ""parallel"": null, ""property_fill"": null, ""schema"": ""fhir/fhir_r4.shex"", ""seed"": null}",,
conformance_fhir_shex,rudof,2,18.7823,590075,590075,31416.546429351038,31416.546429351038,rudof,rudof 0.3.21,590075,60000,5197,37847,1030,9.834583333333333,15.591064020926362,0.7905877905877879,0.9999999999999793,0.7912621359223301,99.97729102232768,2.674658949979325,24190,23543,589941,590075,,,,,,,,9713,145,100.0,60.75105528672913,45663,4.701225162153815,0.0,67,0,61097,0.0,"{""config"": ""fhir/fhir_config_structural.toml"", ""entities"": null, ""parallel"": null, ""property_fill"": null, ""schema"": ""fhir/fhir_r4.shex"", ""seed"": null}",,
conformance_fhir_shex,rudof,3,18.8715,590075,590075,31268.04970458098,31268.04970458098,rudof,rudof 0.3.21,590075,60000,5197,37847,1030,9.834583333333333,15.591064020926362,0.7905877905877877,0.9999999999999791,0.7912621359223301,99.97729102232768,2.674658949979325,24190,23543,589941,590075,,,,,,,,9713,145,100.0,60.75105528672913,45663,4.701225162153815,0.0,67,0,61097,0.0,"{""config"": ""fhir/fhir_config_structural.toml"", ""entities"": null, ""parallel"": null, ""property_fill"": null, ""schema"": ""fhir/fhir_r4.shex"", ""seed"": null}",,
